-- MySQL dump 10.13  Distrib 5.7.24, for Linux (x86_64)
--
-- Host: localhost    Database: db_apotek
-- ------------------------------------------------------
-- Server version	5.7.24-0ubuntu0.18.04.1

/*!40101 SET @OLD_CHARACTER_SET_CLIENT=@@CHARACTER_SET_CLIENT */;
/*!40101 SET @OLD_CHARACTER_SET_RESULTS=@@CHARACTER_SET_RESULTS */;
/*!40101 SET @OLD_COLLATION_CONNECTION=@@COLLATION_CONNECTION */;
/*!40101 SET NAMES utf8 */;
/*!40103 SET @OLD_TIME_ZONE=@@TIME_ZONE */;
/*!40103 SET TIME_ZONE='+00:00' */;
/*!40014 SET @OLD_UNIQUE_CHECKS=@@UNIQUE_CHECKS, UNIQUE_CHECKS=0 */;
/*!40014 SET @OLD_FOREIGN_KEY_CHECKS=@@FOREIGN_KEY_CHECKS, FOREIGN_KEY_CHECKS=0 */;
/*!40101 SET @OLD_SQL_MODE=@@SQL_MODE, SQL_MODE='NO_AUTO_VALUE_ON_ZERO' */;
/*!40111 SET @OLD_SQL_NOTES=@@SQL_NOTES, SQL_NOTES=0 */;

--
-- Table structure for table `barangMasuk`
--

DROP TABLE IF EXISTS `barangMasuk`;
/*!40101 SET @saved_cs_client     = @@character_set_client */;
/*!40101 SET character_set_client = utf8 */;
CREATE TABLE `barangMasuk` (
  `id` int(6) unsigned zerofill NOT NULL AUTO_INCREMENT,
  `idUser` int(4) DEFAULT NULL COMMENT 'fk from user',
  `namaSuplier` varchar(25) DEFAULT NULL COMMENT 'fk from supplier',
  `idProduk` int(6) unsigned zerofill DEFAULT NULL,
  `tanggal` timestamp(3) NULL DEFAULT NULL,
  `jumlah` int(4) DEFAULT NULL,
  `modal` int(10) DEFAULT NULL COMMENT 'price buy from supplier',
  PRIMARY KEY (`id`),
  KEY `idProduk` (`idProduk`),
  KEY `idUser` (`idUser`),
  CONSTRAINT `barangMasuk_ibfk_1` FOREIGN KEY (`id`) REFERENCES `users` (`id`) ON DELETE NO ACTION ON UPDATE NO ACTION,
  CONSTRAINT `barangMasuk_ibfk_2` FOREIGN KEY (`idProduk`) REFERENCES `stok` (`id`) ON DELETE NO ACTION ON UPDATE NO ACTION
) ENGINE=InnoDB DEFAULT CHARSET=utf8;
/*!40101 SET character_set_client = @saved_cs_client */;

--
-- Dumping data for table `barangMasuk`
--

LOCK TABLES `barangMasuk` WRITE;
/*!40000 ALTER TABLE `barangMasuk` DISABLE KEYS */;
/*!40000 ALTER TABLE `barangMasuk` ENABLE KEYS */;
UNLOCK TABLES;

--
-- Table structure for table `ci_sessions`
--

DROP TABLE IF EXISTS `ci_sessions`;
/*!40101 SET @saved_cs_client     = @@character_set_client */;
/*!40101 SET character_set_client = utf8 */;
CREATE TABLE `ci_sessions` (
  `id` varchar(40) NOT NULL,
  `ip_address` varchar(45) NOT NULL,
  `timestamp` int(10) unsigned NOT NULL DEFAULT '0',
  `data` blob NOT NULL,
  PRIMARY KEY (`id`),
  UNIQUE KEY `timestamp` (`timestamp`)
) ENGINE=InnoDB DEFAULT CHARSET=utf8;
/*!40101 SET character_set_client = @saved_cs_client */;

--
-- Dumping data for table `ci_sessions`
--

LOCK TABLES `ci_sessions` WRITE;
/*!40000 ALTER TABLE `ci_sessions` DISABLE KEYS */;
/*!40000 ALTER TABLE `ci_sessions` ENABLE KEYS */;
UNLOCK TABLES;

--
-- Table structure for table `pembayaran`
--

DROP TABLE IF EXISTS `pembayaran`;
/*!40101 SET @saved_cs_client     = @@character_set_client */;
/*!40101 SET character_set_client = utf8 */;
CREATE TABLE `pembayaran` (
  `id` int(6) NOT NULL AUTO_INCREMENT,
  `kode` varchar(20) NOT NULL,
  `idUser` int(6) unsigned zerofill DEFAULT NULL,
  `tanggal` datetime(3) DEFAULT NULL,
  `jumlahModal` int(10) DEFAULT NULL,
  `jumlahJual` int(10) DEFAULT NULL,
  `bayar` int(10) DEFAULT NULL,
  `kembali` int(10) DEFAULT NULL,
  `profit` int(10) DEFAULT NULL,
  PRIMARY KEY (`id`),
  KEY `idUser` (`idUser`),
  CONSTRAINT `pembayaran_ibfk_1` FOREIGN KEY (`idUser`) REFERENCES `users` (`id`) ON DELETE NO ACTION ON UPDATE NO ACTION
) ENGINE=InnoDB AUTO_INCREMENT=800029 DEFAULT CHARSET=utf8;
/*!40101 SET character_set_client = @saved_cs_client */;

--
-- Dumping data for table `pembayaran`
--

LOCK TABLES `pembayaran` WRITE;
/*!40000 ALTER TABLE `pembayaran` DISABLE KEYS */;
INSERT INTO `pembayaran` VALUES (6,'trx_20190109145917',NULL,'2019-02-07 00:00:00.000',64000,120000,150000,30000,56000),(11,'trx_20190109162021',NULL,'2019-02-01 02:07:02.227',4000,6000,7000,1000,2000),(12,'trx_20190109162453',NULL,'2019-01-08 00:00:00.000',4000,20000,30000,10000,16000),(800004,'trx_20190109140343',NULL,'2019-01-09 14:03:43.000',3250,11150,12000,850,7900),(800005,'trx_20190109142756',NULL,'2019-01-09 14:27:56.000',13500,17500,20000,2500,4000),(800006,'trx_20190110000818',NULL,'2019-01-10 00:08:18.000',16000,20000,20000,0,4000),(800007,'trx_20190110004107',NULL,'2019-01-10 00:41:07.000',10000,50000,60000,10000,40000),(800008,'trx_20190114134217',NULL,'2019-01-14 13:42:17.000',399000,570000,600000,30000,171000),(800009,'trx_20190114134950',NULL,'2019-01-14 13:49:50.000',40000,60000,60000,0,20000),(800010,'trx_20190114135049',NULL,'2019-01-14 13:50:49.000',40000,60000,70000,10000,20000),(800011,'trx_20190114135120',NULL,'2019-01-14 13:51:20.000',31000,40000,50000,10000,9000),(800012,'trx_20190114140004',NULL,'2019-01-14 14:00:04.000',16000,20000,20000,0,4000),(800013,'trx_20190114150945',NULL,'2019-01-14 15:09:45.000',109000,150000,160000,10000,41000),(800014,'trx_20190114151759',NULL,'2019-01-14 15:17:59.000',55000,80000,30000,-50000,25000),(800015,'trx_20190114162104',NULL,'2019-01-14 16:21:04.000',8000,10000,10000,0,2000),(800016,'trx_20190114162201',NULL,'2019-01-14 16:22:01.000',15000,20000,25000,5000,5000),(800017,'trx_20190114162813',NULL,'2019-01-14 16:28:13.000',20000,30000,35000,5000,10000),(800018,'trx_20190115141951',NULL,'2019-01-15 14:19:51.000',50000,70000,100000,30000,20000),(800019,'trx_20190116141652',NULL,'2019-01-16 14:16:52.000',134000,190000,200000,10000,56000),(800020,'trx_20190116143506',NULL,'2019-01-16 14:35:06.000',50000,70000,75000,5000,20000),(800021,'trx_20190116161607',NULL,'2019-01-16 16:16:07.000',64000,90000,100000,10000,26000),(800022,'trx_20190116164622',NULL,'2019-01-16 16:46:22.000',50000,70000,100000,30000,20000),(800023,'trx_20190117011708',NULL,'2019-01-17 01:17:08.000',15000,20000,20000,0,5000),(800024,'trx_20190117014202',NULL,'2019-01-17 01:42:02.000',90000,130000,140000,10000,40000),(800025,'trx_20190117021028',NULL,'2019-01-17 02:10:28.000',5500,7500,10000,2500,2000),(800026,'trx_20190117022314',NULL,'2019-01-17 02:23:14.000',11000,15000,20000,5000,4000),(800027,'trx_20190117100613',NULL,'2019-01-17 10:06:13.000',76000,110000,120000,10000,34000),(800028,'trx_20190117100830',NULL,'2019-01-17 10:08:30.000',76000,110000,120000,10000,34000);
/*!40000 ALTER TABLE `pembayaran` ENABLE KEYS */;
UNLOCK TABLES;

--
-- Table structure for table `penjualan`
--

DROP TABLE IF EXISTS `penjualan`;
/*!40101 SET @saved_cs_client     = @@character_set_client */;
/*!40101 SET character_set_client = utf8 */;
CREATE TABLE `penjualan` (
  `id` int(6) unsigned zerofill NOT NULL AUTO_INCREMENT,
  `kode` varchar(20) NOT NULL,
  `tanggal` datetime DEFAULT NULL,
  `jenis` varchar(15) DEFAULT 'umum',
  `idUser` int(4) unsigned DEFAULT NULL,
  `pelanggan` varchar(15) DEFAULT 'umum',
  `idProduk` int(6) unsigned zerofill DEFAULT NULL,
  `modal` int(10) DEFAULT NULL,
  `jual` int(10) DEFAULT NULL,
  `jumlah` int(10) DEFAULT NULL,
  `total` int(10) NOT NULL,
  PRIMARY KEY (`id`),
  KEY `id` (`id`),
  KEY `idProduk` (`idProduk`),
  KEY `idUser` (`idUser`),
  CONSTRAINT `penjualan_ibfk_1` FOREIGN KEY (`idProduk`) REFERENCES `stok` (`id`) ON DELETE NO ACTION ON UPDATE NO ACTION,
  CONSTRAINT `penjualan_ibfk_2` FOREIGN KEY (`idUser`) REFERENCES `users` (`id`) ON DELETE NO ACTION ON UPDATE NO ACTION
) ENGINE=InnoDB AUTO_INCREMENT=900063 DEFAULT CHARSET=utf8;
/*!40101 SET character_set_client = @saved_cs_client */;

--
-- Dumping data for table `penjualan`
--

LOCK TABLES `penjualan` WRITE;
/*!40000 ALTER TABLE `penjualan` DISABLE KEYS */;
INSERT INTO `penjualan` VALUES (900001,'trx_1234567','2019-01-09 04:06:19','umum',5,'umum',100001,8000,10000,2,0),(900002,'trx_2345678','2019-01-09 01:12:09','umum',5,'umum',100002,15000,20000,3,0),(900003,'trx_20190109135840','2019-01-09 13:58:40','umum',4,'umum',100001,9000,10000,2,0),(900004,'trx_20190109135840','2019-01-09 13:58:40','umum',4,'umum',100002,NULL,10000,2,0),(900005,'trx_20190109140119','2019-01-09 14:01:19','umum',4,'umum',100001,NULL,3000,5,0),(900006,'trx_20190109140119','2019-01-09 14:01:19','umum',4,'umum',100002,NULL,5000,3,0),(900007,'trx_20190109140239','2019-01-09 14:02:39','umum',4,'umum',100001,2000,3000,2,0),(900008,'trx_20190109140239','2019-01-09 14:02:39','umum',4,'umum',100002,250,550,5,0),(900009,'trx_20190109140343','2019-01-09 14:03:43','umum',4,'umum',100001,3000,4000,2,0),(900010,'trx_20190109140343','2019-01-09 14:03:43','umum',4,'umum',100002,250,350,9,0),(900011,'trx_20190109142320','2019-01-09 14:23:20','umum',4,'umum',100001,2000,10000,2,0),(900012,'trx_20190109142320','2019-01-09 14:23:20','umum',4,'umum',100002,3000,50000,5,0),(900013,'trx_20190109142756','2019-01-09 14:27:56','umum',4,'umum',100001,3000,3500,2,0),(900014,'trx_20190109142756','2019-01-09 14:27:56','umum',4,'umum',100002,2500,3500,3,0),(900015,'trx_20190109145917','2019-01-09 14:59:17','umum',4,'umum',100001,2000,10000,2,20000),(900016,'trx_20190109145917','2019-01-09 14:59:17','umum',4,'umum',100002,3000,5000,20,100000),(900017,'trx_20190109161413','2019-01-09 16:14:13','umum',4,'umum',100001,5000,1000,2,2000),(900018,'trx_20190109161834','2019-01-09 16:18:34','umum',4,'umum',100001,5000,1000,2,2000),(900019,'trx_20190109161902','2019-01-09 16:19:02','umum',4,'umum',100001,5000,1000,2,2000),(900020,'trx_20190109161955','2019-01-09 16:19:55','umum',4,'umum',100001,5000,1000,2,2000),(900021,'trx_20190109162021','2019-01-09 16:20:21','umum',4,'umum',100001,2000,3000,2,6000),(900022,'trx_20190109162453','2019-01-09 16:24:53','umum',4,'umum',100001,2000,10000,2,20000),(900023,'trx_20190110000818','2019-01-10 00:08:18','umum',4,'umum',100001,8000,10000,2,20000),(900024,'trx_20190110004107','2019-01-10 00:41:07','umum',4,'umum',100002,2000,10000,5,50000),(900025,'trx_20190114134217','2019-01-14 13:42:17','umum',4,'umum',100004,20000,30000,2,60000),(900026,'trx_20190114134217','2019-01-14 13:42:17','umum',4,'umum',100001,8000,10000,3,30000),(900027,'trx_20190114134217','2019-01-14 13:42:17','umum',4,'umum',100002,15000,20000,4,80000),(900028,'trx_20190114134217','2019-01-14 13:42:17','umum',4,'umum',100002,15000,20000,5,100000),(900029,'trx_20190114134217','2019-01-14 13:42:17','umum',4,'umum',100004,20000,30000,10,300000),(900030,'trx_20190114134950','2019-01-14 13:49:50','umum',4,'umum',100004,20000,30000,2,60000),(900031,'trx_20190114135049','2019-01-14 13:50:49','umum',4,'umum',100004,20000,30000,2,60000),(900032,'trx_20190114135120','2019-01-14 13:51:20','umum',4,'umum',100001,8000,10000,2,20000),(900033,'trx_20190114135120','2019-01-14 13:51:20','umum',4,'umum',100002,15000,20000,1,20000),(900034,'trx_20190114140004','2019-01-14 14:00:04','umum',4,'umum',100001,8000,10000,2,20000),(900035,'trx_20190114150945','2019-01-14 15:09:45','umum',4,'umum',100004,20000,30000,2,60000),(900036,'trx_20190114150945','2019-01-14 15:09:45','umum',4,'umum',100001,8000,10000,3,30000),(900037,'trx_20190114150945','2019-01-14 15:09:45','umum',4,'umum',100002,15000,20000,3,60000),(900038,'trx_20190114151759','2019-01-14 15:17:59','umum',4,'umum',100004,20000,30000,2,60000),(900039,'trx_20190114151759','2019-01-14 15:17:59','umum',4,'umum',100002,15000,20000,1,20000),(900040,'trx_20190114162104','2019-01-14 16:21:04','umum',4,'umum',100001,8000,10000,1,10000),(900041,'trx_20190114162201','2019-01-14 16:22:01','umum',4,'umum',100002,15000,20000,1,20000),(900042,'trx_20190114162813','2019-01-14 16:28:13','umum',4,'umum',100004,20000,30000,1,30000),(900043,'trx_20190115141951','2019-01-15 14:19:51','umum',4,'umum',100002,15000,20000,2,40000),(900044,'trx_20190115141951','2019-01-15 14:19:51','umum',4,'umum',100004,20000,30000,1,30000),(900045,'trx_20190116141652','2019-01-16 14:16:52','umum',4,'umum',100002,15000,20000,2,40000),(900046,'trx_20190116141652','2019-01-16 14:16:52','umum',4,'umum',100001,8000,10000,3,30000),(900047,'trx_20190116141652','2019-01-16 14:16:52','umum',4,'umum',100004,20000,30000,4,120000),(900048,'trx_20190116143506','2019-01-16 14:35:06','umum',4,'umum',100002,15000,20000,2,40000),(900049,'trx_20190116143506','2019-01-16 14:35:06','umum',4,'umum',100004,20000,30000,1,30000),(900050,'trx_20190116161607','2019-01-16 16:16:07','umum',4,'umum',100004,20000,30000,2,60000),(900051,'trx_20190116161607','2019-01-16 16:16:07','umum',4,'umum',100001,8000,10000,3,30000),(900052,'trx_20190116164622','2019-01-16 16:46:22','umum',4,'umum',100002,15000,20000,2,40000),(900053,'trx_20190116164622','2019-01-16 16:46:22','umum',4,'umum',100004,20000,30000,1,30000),(900054,'trx_20190117011708','2019-01-17 01:17:08','umum',4,'umum',100002,15000,20000,1,20000),(900055,'trx_20190117014202','2019-01-17 01:42:02','umum',NULL,'umum',100002,15000,20000,2,40000),(900056,'trx_20190117014202','2019-01-17 01:42:02','umum',NULL,'umum',100004,20000,30000,3,90000),(900057,'trx_20190117021028','2019-01-17 02:10:28','umum',NULL,'umum',100005,5500,7500,1,7500),(900058,'trx_20190117022314','2019-01-17 02:23:14','umum',NULL,'umum',100005,5500,7500,2,15000),(900059,'trx_20190117100613','2019-01-17 10:06:13','umum',NULL,'umum',100001,8000,10000,2,20000),(900060,'trx_20190117100613','2019-01-17 10:06:13','umum',NULL,'umum',100004,20000,30000,3,90000),(900061,'trx_20190117100830','2019-01-17 10:08:30','umum',NULL,'umum',100001,8000,10000,2,20000),(900062,'trx_20190117100830','2019-01-17 10:08:30','umum',NULL,'umum',100004,20000,30000,3,90000);
/*!40000 ALTER TABLE `penjualan` ENABLE KEYS */;
UNLOCK TABLES;

--
-- Table structure for table `stok`
--

DROP TABLE IF EXISTS `stok`;
/*!40101 SET @saved_cs_client     = @@character_set_client */;
/*!40101 SET character_set_client = utf8 */;
CREATE TABLE `stok` (
  `id` int(6) unsigned zerofill NOT NULL AUTO_INCREMENT,
  `nama` varchar(45) DEFAULT NULL,
  `kategori` varchar(45) DEFAULT NULL,
  `deskripsi` varchar(45) DEFAULT NULL,
  `stok` int(11) DEFAULT NULL,
  `modal` int(10) DEFAULT NULL,
  `jual` int(10) DEFAULT NULL,
  `dibuat` timestamp(3) NULL DEFAULT CURRENT_TIMESTAMP(3),
  PRIMARY KEY (`id`)
) ENGINE=InnoDB AUTO_INCREMENT=100006 DEFAULT CHARSET=utf8;
/*!40101 SET character_set_client = @saved_cs_client */;

--
-- Dumping data for table `stok`
--

LOCK TABLES `stok` WRITE;
/*!40000 ALTER TABLE `stok` DISABLE KEYS */;
INSERT INTO `stok` VALUES (100001,'Vitamin C','vitamin','untuk sariawan ',5,8000,10000,'2019-01-08 19:10:09.134'),(100002,'Dancow','susu anak','susu untuk dibawah 1 tahun',5,15000,20000,'2019-01-08 19:07:05.173'),(100003,'Betadin','obat luar','untuk luka berdarah',5,8000,10000,'2019-01-08 19:06:06.149'),(100004,'Perban','Obat luar','untuk menutup luka',5,20000,30000,'2019-01-09 17:00:00.000'),(100005,'Minyak Kayu Putih','Obat luar','obat masuk angin',8,5500,7500,'2019-01-16 19:04:17.000');
/*!40000 ALTER TABLE `stok` ENABLE KEYS */;
UNLOCK TABLES;

--
-- Table structure for table `users`
--

DROP TABLE IF EXISTS `users`;
/*!40101 SET @saved_cs_client     = @@character_set_client */;
/*!40101 SET character_set_client = utf8 */;
CREATE TABLE `users` (
  `id` int(3) unsigned zerofill NOT NULL AUTO_INCREMENT,
  `username` varchar(30) NOT NULL,
  `email` varchar(45) DEFAULT NULL,
  `password` varchar(255) DEFAULT NULL,
  `avatar` varchar(255) NOT NULL,
  `created_at` datetime NOT NULL,
  `updated_at` int(11) DEFAULT NULL,
  `is_admin` tinyint(1) NOT NULL,
  `is_confirmed` tinyint(1) NOT NULL,
  `is_deleted` tinyint(1) NOT NULL,
  `full_name` varchar(100) DEFAULT NULL,
  `phone` varchar(15) DEFAULT NULL,
  `address` varchar(200) DEFAULT NULL,
  `level` varchar(45) DEFAULT NULL,
  PRIMARY KEY (`id`),
  UNIQUE KEY `email_UNIQUE` (`email`)
) ENGINE=InnoDB AUTO_INCREMENT=7 DEFAULT CHARSET=utf8;
/*!40101 SET character_set_client = @saved_cs_client */;

--
-- Dumping data for table `users`
--

LOCK TABLES `users` WRITE;
/*!40000 ALTER TABLE `users` DISABLE KEYS */;
INSERT INTO `users` VALUES (004,'ahmadbagwi','ahmadbagwi.id@gmail.com','$2y$10$3VnPa9q7bIL9LFRtgXje8OYskLv18LXg0FeBRqTyZG0UCwRDf/kNK','','2019-01-01 12:00:28',NULL,0,0,0,NULL,NULL,NULL,NULL),(005,'nismara','nismara@gmail.com','$2y$10$cf3pFRAAldjlgjua/PML.OnmYb8YusHCNNB3k2.LannH4xSq3O7Aq','','2019-01-01 13:03:27',NULL,0,0,0,NULL,NULL,NULL,NULL),(006,'Rifai','rifai@gmail.com','$2y$10$zeHUR/GLO.GWtVlKIVe0GOYVPYfRWk27UkJo0RkYsDF5NicGLplCS','','2019-01-01 13:29:17',NULL,0,0,0,'Rifai Ahmad','0987','Cibanteng',NULL);
/*!40000 ALTER TABLE `users` ENABLE KEYS */;
UNLOCK TABLES;
/*!40103 SET TIME_ZONE=@OLD_TIME_ZONE */;

/*!40101 SET SQL_MODE=@OLD_SQL_MODE */;
/*!40014 SET FOREIGN_KEY_CHECKS=@OLD_FOREIGN_KEY_CHECKS */;
/*!40014 SET UNIQUE_CHECKS=@OLD_UNIQUE_CHECKS */;
/*!40101 SET CHARACTER_SET_CLIENT=@OLD_CHARACTER_SET_CLIENT */;
/*!40101 SET CHARACTER_SET_RESULTS=@OLD_CHARACTER_SET_RESULTS */;
/*!40101 SET COLLATION_CONNECTION=@OLD_COLLATION_CONNECTION */;
/*!40111 SET SQL_NOTES=@OLD_SQL_NOTES */;

-- Dump completed on 2019-01-17 14:03:50
